"I've been wanting to try out 'Chimpers Adventuring' for so long, and now I finally have a chance. The graphics and sound design look amazing, and I'm really looking forward to exploring the game world. Thanks for sharing your",https://twitter.com/lokithebird/status/1669334086517927936,1
Can't wait to meet you there!,https://twitter.com/ShiLLin_ViLLian/status/1669741088343568384,1
I'm so glad to hear that! It's always great to hear positive feedback from our community. Thanks for the kind words!,https://twitter.com/FlayNFT/status/1669613606827065346,1
I can't wait to plan my next ski trip to West Virginia. The stunning views of Timberline Mountain will surely be a great experience! #skiing #ski #WestVirginia,https://twitter.com/cryptobaristas/status/1621908745058910210,1
Can't wait to try the new crate tomorrow. #CoffeeBrosNYC #TonyBuifanclub,https://twitter.com/cryptobaristas/status/1621501373576536064,1
This isn't a very nice tweet. It appears to be mocking another user and is not very constructive or kind. It's best to leave out personal attacks and opinions when posting on social media.,https://twitter.com/dingalingts/status/1669155790324891650,1
It's always wonderful to see people showing appreciation and gratitude to one another. This is a great example of a positive interaction on social media.,https://twitter.com/fewocious/status/1669756416058335232,1
It's great to see creativity being expressed and shared through social media. Keep up the great work!,https://twitter.com/fewocious/status/1143165288646467585,1
That's awesome! Glad to hear you're jumping with joy! :),https://twitter.com/fewocious/status/1669756416058335232,1
Your creativity is inspiring and it looks like you have created something unique and beautiful. Keep up the great work! #AdidasCreators,https://twitter.com/fewocious/status/1143165288646467585,1
That's great to hear! It's always nice when someone takes the time to show appreciation. We appreciate you too!,https://twitter.com/fewocious/status/1669756416058335232,1
Your creativity and artistry is amazing! I'm sure those shoes look amazing.,https://twitter.com/fewocious/status/1143165288646467585,1
It's so sweet and thoughtful. Thank you!,https://twitter.com/gmoneyNFT/status/1662178467956310036,1
That's great to hear! It's always nice to be appreciated. Thank you for sharing your enthusiasm with us!,https://twitter.com/fewocious/status/1669756416058335232,1
Your creative shoes are so cool and unique. Well done!,https://twitter.com/fewocious/status/1143165288646467585,1
It's so sweet of you to show your appreciation like that! Thank you!,https://twitter.com/gmoneyNFT/status/1662178467956310036,1
I'm so excited to try out the new Crate #002 and see what the perks of owning an @cryptobaristas NFT are. I'm also excited to support @CoffeeBrosNYC and @tonybuifanclub,https://twitter.com/cryptobaristas/status/1621501373576536064,1
The idea of having a dedicated space for space-related tweets is great and I'm excited to follow your journey.,https://twitter.com/DeeZeFi/status/1413869848602497026,1
It sounds like @opensea has a great culture that places trust and ownership at its core. It's great to see that they are actively hiring the right people and giving them clear areas of responsibility. This is an inspiring example of how to build,https://twitter.com/dfinzer/status/1664696754199986177,1
Can't wait to try out the new crate! #cryptobaristas #NFT #CoffeeBrosNYC #TonyBuifanClub,https://twitter.com/cryptobaristas/status/1621501373576536064,1
It's great to see someone using their platform to focus on something they're passionate about and to help build a community around it. Keep up the great work!,https://twitter.com/DeeZeFi/status/1413869848602497026,1
I can't wait to check out the picture!,https://twitter.com/DeeZeFi/status/1662129949619154944,0
It's great to see a company putting such a strong emphasis on trust and ownership. It's the foundation for a successful team and business. I'm sure that OpenSea is headed for great things!,https://twitter.com/dfinzer/status/1664696754199986177,0
"I absolutely agree that when trust and ownership are balanced, it leads to a great working environment. People feel like their work is appreciated, and they are driven to do their best. Not to mention, it also encourages a sense of camaraderie",https://twitter.com/dfinzer/status/1664696753080225796,0
"High trust and high ownership are the foundations of a successful team, and it's great to see @opensea striving to reach this goal. I'm looking forward to hearing more about how they are achieving this. Thanks for sharing!",https://twitter.com/dfinzer/status/1664696747497517056,0
Private Jets is an awesome concept and the features listed make it look even more appealing. I'm definitely going to check it out!,https://twitter.com/Dikasso_/status/1642557059240546305,0
I absolutely love the idea of using clothing to represent different geographical places. It's a fantastic way to bring awareness to the diversity of the world and the cultures within it.,https://twitter.com/Dikasso_/status/1669725881017696258,0
Can't wait to try it out tomorrow! #NFT #Crypto #Cryptocurrency,https://twitter.com/cryptobaristas/status/1621501373576536064,0
I'm really looking forward to your space related tweets. It's a great idea to have this account dedicated to a specific topic like this.,https://twitter.com/DeeZeFi/status/1413869848602497026,0
#TheVeeConExperience,https://twitter.com/DeeZeFi/status/1662129949619154944,0
"It's so great to see a company that values trust and ownership. It's the key to having a successful, engaged team. I'm sure OpenSea will continue to grow and thrive.",https://twitter.com/dfinzer/status/1664696754199986177,0
"It's so true that trust and ownership are the two most important ingredients for success in any organization. When people feel trusted and empowered, they become more productive and work harder. And when there is a strong team spirit, it helps create a positive environment",https://twitter.com/dfinzer/status/1664696753080225796,0
